N°,Descripción,Repetición,Tratamiento,Unidad Muestral,Longitud de fruto (mm),Ancho de fruto (mm),Peso de fruto (g),Sólidos solubles totales (°Brix),Firmeza del fruto (kg.cm2),Peso de la semilla sin endocarpo (g),Número de embriones desarrollados por semilla,Número de plúmulas por semilla,Número de hojas por embrión,"Exudación fenólica (0,1-ausencia, presencia)","Contaminación por microorganismos (0,1-ausencia,presencia)","Establecimiento (0,1 embriones muertos, embriones en desarrollo)"
1,MF0%AC0%JL,1,1,1,"72,7","57,11","119,7","10,4","5,2","11,2",4,0,0,0,1,1
2,MF0%AC0%JL,1,1,2,"63,61","59,03","98,4",,"6,4","10,4",4,0,0,1,1,0
3,MF0%AC0%JL,1,1,3,"73,25","61,15","144,1",,"10,4","13,3",5,0,0,1,1,0
4,MF0%AC0%JL,1,1,4,"67,4","57,5","97,4",,"8,6","12,1",3,0,0,0,0,1
5,MF0%AC0%JL,1,1,5,"67,93","53,92","108,9",,"9,2","11,3",2,0,0,1,1,0
6,MF0%AC0%JL,2,1,1,"62,95","53,76","94,3","10,2","4,1","7,8",5,1,2,0,0,1
7,MF0%AC0%JL,2,1,2,"68,02","52,88","93,5",,"6,3","11,3",4,0,0,1,1,0
8,MF0%AC0%JL,2,1,3,"62,69","56,11","93,6",,"6,4","9,8",5,1,3,1,1,1
9,MF0%AC0%JL,2,1,4,64.35,58.22,103.7,,6,"9,8",3,0,0,1,1,0
10,MF0%AC0%JL,2,1,5,65.25,57.31,106.9,,"7,2",10,3,0,0,1,0,0
11,MF0%AC0%JL,3,1,1,"111,5","70,13","57,67","10,3","6,4","11,8",5,0,0,0,0,1
12,MF0%AC0%JL,3,1,2,"97,5","64,97","58,34",,"6,1","10,1",5,0,0,1,1,1
13,MF0%AC0%JL,3,1,3,"121,6","66,31","59,54",,"4,6","11,1",4,0,0,1,1,0
14,MF0%AC0%JL,3,1,4,104,"66,82","55,25",,"8,7","10,1",4,1,2,1,0,1
15,MF0%AC0%JL,3,1,5,"92,7","60,81","55,99",,"4,4","9,6",3,0,0,1,1,1
16,MF0%AC0%JL,4,1,1,"111,5","71,91","53,32","10,4","5,7","11,4",4,0,0,0,0,1
17,MF0%AC0%JL,4,1,2,"77,6","61,35","55,66",,8,"9,1",4,0,0,1,1,0
18,MF0%AC0%JL,4,1,3,"85,7","65,46","48,42",,"7,8","11,4",3,0,0,1,1,0
19,MF0%AC0%JL,4,1,4,95,"63,81","53,3",,"7,2","9,1",4,1,1,1,0,1
20,MF0%AC0%JL,4,1,5,"99,8","66,04","52,89",,"6,2",11,3,0,0,1,1,0
21,MF0%AC1.5%JL,1,2,1,"63,4","52,44","86,7",8,"6,4","8,8",4,0,0,1,1,1
22,MF0%AC1.5%JL,1,2,2,"60,07","48,65","73,7",,"5,6","8,6",5,0,0,1,0,1
23,MF0%AC1.5%JL,1,2,3,"69,69","59,84","123,5",,"7,6","11,8",7,0,0,1,1,0
24,MF0%AC1.5%JL,1,2,4,"62,66","52,77","83,9",,5,9,4,0,0,1,1,0
25,MF0%AC1.5%JL,1,2,5,"75,09","64,71","148,2",,7,"10,9",4,0,0,1,1,0
26,MF0%AC1.5%JL,2,2,1,"53,82","64,37","98,7","7,9",4,"9,6",2,0,0,1,1,0
27,MF0%AC1.5%JL,2,2,2,"64,27","53,6","92,3",,"5,4",9,6,0,0,0,1,1
28,MF0%AC1.5%JL,2,2,3,"63,69","52,77","92,6",,"8,4","9,7",5,2,"2,5",0,0,1
29,MF0%AC1.5%JL,2,2,4,"71,24","59,95","133,5",,"3,7","9,8",1,0,0,1,1,1
30,MF0%AC1.5%JL,2,2,5,"62,95","51,56","88,2",,"5,4","10,2",4,0,0,1,1,0
31,MF0%AC1.5%JL,3,2,1,"71,67","58,12",126,"8,1","8,8","8,9",4,0,0,1,1,0
32,MF0%AC1.5%JL,3,2,2,"67,36","53,48",101,,"6,2","10,7",4,1,1,1,1,1
33,MF0%AC1.5%JL,3,2,3,"63,44","51,58","84,8",,"8,2","9,7",5,0,0,1,1,0
34,MF0%AC1.5%JL,3,2,4,"64,55","51,88","82,9",,"9,4",5,3,0,0,1,1,0
35,MF0%AC1.5%JL,3,2,5,"60,58","52,98","84,8",,"6,8","8,4",0,0,0,1,1,0
36,MF0%AC1.5%JL,4,2,1,"64,08","53,57","92,5","8,4","6,9","8,7",1,0,0,1,0,1
37,MF0%AC1.5%JL,4,2,2,"67,93","52,75","95,8",,"8,3","11,7",2,0,0,1,0,1
38,MF0%AC1.5%JL,4,2,3,"66,97","54,17","96,9",,"9,4","10,3",4,0,0,1,1,0
39,MF0%AC1.5%JL,4,2,4,"61,63","52,79","84,9",,"8,4","9,4",3,0,0,1,1,0
40,MF0%AC1.5%JL,4,2,5,"62,54","53,67",89,,"8,6","10,3",4,0,0,1,1,0
41,MF0%AC3.0%JL,1,3,1,"64,35","54,17",96,"9,4","4,7","9,4",4,0,0,1,0,0
42,MF0%AC3.0%JL,1,3,2,"64,13","52,96","95,6",,"4,2","9,3",0,0,0,1,1,0
43,MF0%AC3.0%JL,1,3,3,"62,8","54,1","83,7",,"5,6","10,1",2,0,0,1,1,0
44,MF0%AC3.0%JL,1,3,4,"61,85","53,32","86,5",,"4,6",9,4,0,0,1,1,0
45,MF0%AC3.0%JL,1,3,5,"64,7","52,27","89,1",,"8,2",9,7,1,4,1,1,0
46,MF0%AC3.0%JL,2,3,1,"71,64","60,04","119,3",9,"6,8","11,1",4,0,0,0,1,1
47,MF0%AC3.0%JL,2,3,2,"55,7","68,96","108,5",,"5,2",11,4,0,0,1,1,1
48,MF0%AC3.0%JL,2,3,3,"65,83","55,19","104,1",,"3,2","10,1",3,0,0,1,0,1
49,MF0%AC3.0%JL,2,3,4,"69,7","56,58","111,5",,"6,6","11,8",2,0,0,1,1,0
50,MF0%AC3.0%JL,2,3,5,"63,51","53,86","90,2",,"4,8","8,9",3,0,0,1,1,0
51,MF0%AC3.0%JL,3,3,1,"64,92","53,37","90,5","9,4","7,5","9,3",5,0,0,1,0,1
52,MF0%AC3.0%JL,3,3,2,"67,43",54,"85,4",,"5,8","1,7",4,0,0,1,0,1
53,MF0%AC3.0%JL,3,3,3,"63,02","53,17","85,2",,"5,9","9,9",3,0,0,1,1,1
54,MF0%AC3.0%JL,3,3,4,"71,82","55,19","108,7",,"5,6","12,9",5,0,0,1,0,1
55,MF0%AC3.0%JL,3,3,5,"64,84","52,76","91,6",,"8,2","9,6",4,0,0,1,1,0
56,MF0%AC3.0%JL,4,3,1,"63,65","54,73","96,4","9,3","6,8","9,3",5,0,0,1,1,0
57,MF0%AC3.0%JL,4,3,2,"61,95","53,12","86,7",,"6,6","9,4",4,0,0,1,1,0
58,MF0%AC3.0%JL,4,3,3,"66,75","54,84","96,2",,"7,4","10,5",3,0,0,0,1,0
59,MF0%AC3.0%JL,4,3,4,"62,89","49,85","78,5",,"5,9","9,8",4,0,0,1,1,1
60,MF0%AC3.0%JL,4,3,5,"63,52","50,07","82,4",,"5,6","9,6",0,0,0,1,1,0
61,MF20%AC0%JL,1,4,1,"69,4","57,74","113,3","9,4","4,3","10,6",3,1,3,0,0,1
62,MF20%AC0%JL,1,4,2,"59,49","51,97","79,8",,5,9,5,0,0,0,0,1
63,MF20%AC0%JL,1,4,3,"61,52","51,79","77,4",,"6,4","8,3",5,1,5,0,0,1
64,MF20%AC0%JL,1,4,4,"67,74","54,76","106,6",,"6,6","11,3",5,1,3,0,0,1
65,MF20%AC0%JL,1,4,5,"75,52","60,58","140,5",,"7,4","10,4",4,0,0,0,0,1
66,MF20%AC0%JL,2,4,1,"66,93","56,71","98,4","9,7","6,6","10,5",5,3,"4,3",0,0,1
67,MF20%AC0%JL,2,4,2,"71,47","60,31","132,9",,"6,2","12,5",3,0,0,1,1,0
68,MF20%AC0%JL,2,4,3,"74,36","58,04","133,5",,6,"10,3",4,0,0,0,0,1
69,MF20%AC0%JL,2,4,4,"66,62","56,78","105,3",,"6,3","10,9",6,0,0,1,0,0
70,MF20%AC0%JL,2,4,5,"77,29","62,21","137,7",,6,12,4,0,0,0,0,1
71,MF20%AC0%JL,3,4,1,"73,06","64,02","141,9","9,8","8,4","1,3",2,0,0,0,0,0
72,MF20%AC0%JL,3,4,2,"74,13","62,22","126,1",,"5,6","11,7",4,3,4,0,0,1
73,MF20%AC0%JL,3,4,3,"67,61","53,67","101,6",,9,"11,5",3,0,0,0,0,1
74,MF20%AC0%JL,3,4,4,"58,58","51,85","71,9",,"8,4","8,4",6,0,0,1,1,1
75,MF20%AC0%JL,3,4,5,"71,85","58,57","126,1",,"7,5","12,9",3,1,5,0,0,1
76,MF20%AC0%JL,4,4,1,"64,05","53,48","91,3","9,7",7,"9,1",5,3,"1,3",0,0,1
77,MF20%AC0%JL,4,4,2,"77,93","65,3","146,3",,8,"14,3",3,2,"5,5",0,0,1
78,MF20%AC0%JL,4,4,3,"67,69","53,79","99,9",,"6,8","11,1",0,0,0,0,0,1
79,MF20%AC0%JL,4,4,4,"62,24","48,22","75,7",,"9,5",9,3,0,0,0,0,1
80,MF20%AC0%JL,4,4,5,"62,59","51,74","87,4",,"6,7","9,1",4,0,0,0,0,1
81,MF20%AC1.5%JL,1,5,1,"70,58","56,96","113,4","9,6","4,8","12,1",3,0,0,1,0,0
82,MF20%AC1.5%JL,1,5,2,"63,43","54,37","91,1",,"6,2","11,4",4,2,"3,5",0,0,1
83,MF20%AC1.5%JL,1,5,3,"66,13","56,38","98,1",,"5,4",10,2,0,0,0,0,1
84,MF20%AC1.5%JL,1,5,4,"62,17","53,62",92,,"5,1","10,9",6,0,0,1,0,1
85,MF20%AC1.5%JL,1,5,5,"71,97","57,21","125,9",,"10,4","14,2",4,0,0,1,1,0
86,MF20%AC1.5%JL,2,5,1,"70,59","58,91","116,1","9,6","8,6","8,1",5,0,0,0,0,1
87,MF20%AC1.5%JL,2,5,2,"65,25","53,58","100,9",,"5,8","8,4",3,0,0,1,1,1
88,MF20%AC1.5%JL,2,5,3,"67,99","55,41",111,,"6,8","10,6",3,0,0,0,1,0
89,MF20%AC1.5%JL,2,5,4,"65,44","58,09","109,5",,"7,5","11,8",2,0,0,0,1,0
90,MF20%AC1.5%JL,2,5,5,"69,66","56,89","117,7",,5,"11,9",4,0,0,1,1,1
91,MF20%AC1.5%JL,3,5,1,"67,73","57,17","107,7","9,4","6,6",12,4,1,3,1,1,1
92,MF20%AC1.5%JL,3,5,2,"68,48","56,94","103,5",,"5,1","10,4",4,0,0,0,0,1
93,MF20%AC1.5%JL,3,5,3,"65,52","54,92","92,6",,"4,7","9,1",3,1,2,0,1,1
94,MF20%AC1.5%JL,3,5,4,"65,63","54,52","96,9",,"4,7","10,6",6,1,5,0,1,1
95,MF20%AC1.5%JL,3,5,5,"71,58","56,32","126,9",,"7,7","11,7",5,0,0,0,1,0
96,MF20%AC1.5%JL,4,5,1,"69,07","58,5",115,"9,5",8,"10,7",5,0,0,0,0,1
97,MF20%AC1.5%JL,4,5,2,"69,88","53,76","103,7",,"4,3",6,3,1,4,0,0,1
98,MF20%AC1.5%JL,4,5,3,"63,05","51,05","82,1",,"4,8","9,7",3,1,5,0,0,1
99,MF20%AC1.5%JL,4,5,4,"68,78","56,16",109,,"6,8","11,5",4,0,0,1,1,1
100,MF20%AC1.5%JL,4,5,5,"65,52","53,98","90,9",,"6,4",10,5,0,0,0,1,0
101,MF20%AC3.0%JL,1,6,1,"112,3","66,83","58,73",10,6,"9,8",3,1,2,0,0,1
102,MF20%AC3.0%JL,1,6,2,"105,4","65,64","52,85",,"8,2","10,6",3,0,0,1,1,1
103,MF20%AC3.0%JL,1,6,3,"66,6","53,2",98,,6,"10,4",3,0,0,1,1,0
104,MF20%AC3.0%JL,1,6,4,"64,01","53,77","95,4",,"7,4","9,8",3,0,0,1,1,1
105,MF20%AC3.0%JL,1,6,5,"60,63","49,41","73,8",,"5,4","10,4",3,0,0,1,1,0
106,MF20%AC3.0%JL,2,6,1,"56,83","49,58","67,4","9,7","6,4","10,8",3,0,0,0,0,1
107,MF20%AC3.0%JL,2,6,2,"68,37","56,86","118,1",,"4,6",11,3,0,0,1,0,1
108,MF20%AC3.0%JL,2,6,3,"63,05","52,08","81,6",,"8,6","6,4",6,0,0,1,1,1
109,MF20%AC3.0%JL,2,6,4,"68,82","56,55","111,4",,"6,8","13,2",3,0,0,0,0,1
110,MF20%AC3.0%JL,2,6,5,"70,13","59,06","121,9",,"5,4",13,2,0,0,0,1,1
111,MF20%AC3.0%JL,3,6,1,"66,7","55,56","108,8","9,6","7,2","9,8",4,0,0,1,0,0
112,MF20%AC3.0%JL,3,6,2,"58,29","51,3",75,,"4,4","7,7",5,1,1,0,0,1
113,MF20%AC3.0%JL,3,6,3,"59,02","50,14","81,2",,5,"8,7",6,0,0,0,0,1
114,MF20%AC3.0%JL,3,6,4,"55,92","67,62","106,2",,"4,6",9,5,0,0,0,0,1
115,MF20%AC3.0%JL,3,6,5,"61,2","52,52","84,6",,"8,5","7,1",5,0,0,1,1,1
116,MF20%AC3.0%JL,4,6,1,"67,61","53,55","98,5","9,6","5,8","9,1",5,0,0,1,0,1
117,MF20%AC3.0%JL,4,6,2,"62,3","50,34","84,6",,"8,4",6,4,0,0,1,1,1
118,MF20%AC3.0%JL,4,6,3,"76,7","59,89","136,4",,"7,9","5,6",6,0,0,1,1,0
119,MF20%AC3.0%JL,4,6,4,"67,33","55,53","109,9",,"4,2","9,6",5,0,0,1,1,0
120,MF20%AC3.0%JL,4,6,5,"67,15","56,15","95,9",,"5,2","9,2",5,0,0,0,1,1
121,MC0%AC0%JL,1,7,1,"68,19","55,42","109,7","16,9",2,"10,5",1,1,3,1,0,1
122,MC0%AC0%JL,1,7,2,"62,32","49,09","78,8",,1,11,7,1,1,1,0,1
123,MC0%AC0%JL,1,7,3,"61,21","50,6","82,5",,"1,9","10,3",7,0,0,1,0,1
124,MC0%AC0%JL,1,7,4,"64,03","54,42","96,5",,"2,3","8,6",6,0,0,1,0,1
125,MC0%AC0%JL,1,7,5,"63,72","50,49","81,5",,"1,8","10,2",3,1,4,1,0,1
126,MC0%AC0%JL,2,7,1,"79,44","59,63","151,1","17,2","1,8","13,8",3,0,0,1,0,1
127,MC0%AC0%JL,2,7,2,"71,59","55,71","115,4",,"1,6",13,5,0,0,1,0,1
128,MC0%AC0%JL,2,7,3,"61,8",48,"73,9",,"1,4","7,7",4,0,0,1,0,1
129,MC0%AC0%JL,2,7,4,"62,59","51,38","82,2",,"1,2","10,8",4,0,0,1,0,1
130,MC0%AC0%JL,2,7,5,"67,99","53,34","100,1",,"1,4","10,5",5,0,0,1,0,1
131,MC0%AC0%JL,3,7,1,"63,52","52,36","92,5","17,1","1,6","10,9",4,0,0,1,0,1
132,MC0%AC0%JL,3,7,2,"69,1","55,04","113,3",,"1,8","10,6",2,0,0,1,0,1
133,MC0%AC0%JL,3,7,3,"66,67","52,93","95,3",,"1,5","10,3",3,0,0,1,0,1
134,MC0%AC0%JL,3,7,4,"68,39","56,44","108,5",,"1,4","9,7",6,0,0,1,0,1
135,MC0%AC0%JL,3,7,5,"67,43","54,71","105,4",,"1,2","7,8",4,0,0,1,0,1
136,MC0%AC0%JL,4,7,1,"65,32","53,95",98,17,"1,2","7,8",5,0,0,1,0,1
137,MC0%AC0%JL,4,7,2,"59,39","48,34","75,5",,"1,2","9,9",4,1,7,1,0,1
138,MC0%AC0%JL,4,7,3,"63,63","54,6",95,,"1,1","9,1",5,0,0,1,0,1
139,MC0%AC0%JL,4,7,4,"75,67","61,75","146,6",,"1,4","5,7",2,0,0,1,0,0
140,MC0%AC0%JL,4,7,5,"60,49","47,64","73,7",,"1,6","9,8",5,0,0,1,0,1
141,MC0%AC1.5%JL,1,8,1,"61,07","50,7","76,1","16,7","1,2","8,1",6,0,0,0,0,0
142,MC0%AC1.5%JL,1,8,2,"57,12","47,79","68,8",,1,7,6,0,0,1,0,0
143,MC0%AC1.5%JL,1,8,3,"61,69","50,2","77,2",,"1,4","7,5",4,0,0,0,0,1
144,MC0%AC1.5%JL,1,8,4,"59,94","48,23","71,5",,"1,9","9,1",4,0,0,1,1,0
145,MC0%AC1.5%JL,1,8,5,"70,12","55,68","104,6",,1,"5,5",2,0,0,1,0,0
146,MC0%AC1.5%JL,2,8,1,"67,59","55,56","109,9","16,4","1,2","11,1",4,0,0,1,0,0
147,MC0%AC1.5%JL,2,8,2,"60,38","48,94","73,5",,1,"4,9",3,0,0,1,0,1
148,MC0%AC1.5%JL,2,8,3,"60,69","53,25","87,5",,"1,2","8,4",5,0,0,0,0,1
149,MC0%AC1.5%JL,2,8,4,63,"52,45","89,5",,"1,1","8,1",3,0,0,0,0,0
150,MC0%AC1.5%JL,2,8,5,"63,73","53,08","87,9",,1,"7,9",5,1,4,1,0,1
151,MC0%AC1.5%JL,3,8,1,"71,29","58,17","112,1","16,8","1,2","0,6",6,0,0,0,0,1
152,MC0%AC1.5%JL,3,8,2,"62,49","50,4","87,3",,1,9,5,0,0,0,0,1
153,MC0%AC1.5%JL,3,8,3,"57,41","50,04",69,,"1,1","8,1",4,0,0,1,1,0
154,MC0%AC1.5%JL,3,8,4,"63,29","47,88","79,5",,"1,2","7,8",4,0,0,1,1,1
155,MC0%AC1.5%JL,3,8,5,"54,74","47,04","63,3",,"1,2","6,1",2,0,0,1,1,1
156,MC0%AC1.5%JL,4,8,1,"65,47","52,73","92,1","17,1","1,1","8,3",4,0,0,1,1,0
157,MC0%AC1.5%JL,4,8,2,"65,67","52,96",98,,1,"10,3",2,0,0,0,0,0
158,MC0%AC1.5%JL,4,8,3,"63,75","50,75",84,,1,"10,1",4,0,0,0,0,0
159,MC0%AC1.5%JL,4,8,4,"67,68","54,86","105,5",,1,"11,2",4,0,0,0,0,1
160,MC0%AC1.5%JL,4,8,5,"63,79","51,06","90,5",,"1,2","9,7",4,0,0,0,0,0
161,MC0%AC3.0%JL,1,9,1,"67,73","55,6","107,2","15,6","1,2",11,3,0,0,1,1,1
162,MC0%AC3.0%JL,1,9,2,"64,34","51,61","87,7",,"1,1","10,1",2,0,0,1,1,0
163,MC0%AC3.0%JL,1,9,3,"59,41","50,18","76,7",,1,8,4,0,0,1,1,0
164,MC0%AC3.0%JL,1,9,4,"62,02","49,48","73,4",,"1,2","8,9",4,0,0,1,1,0
165,MC0%AC3.0%JL,1,9,5,"63,12","54,17","91,9",,"1,8","9,1",0,0,0,1,1,0
166,MC0%AC3.0%JL,2,9,1,"63,37","50,58","85,7","16,5","1,4","8,9",4,0,0,1,1,0
167,MC0%AC3.0%JL,2,9,2,"64,88","54,05","99,1",,"1,2",9,3,0,0,1,1,0
168,MC0%AC3.0%JL,2,9,3,"66,04","52,29","99,8",,1,9,0,0,0,1,1,0
169,MC0%AC3.0%JL,2,9,4,"66,57","53,04","101,3",,"1,2","9,4",3,0,0,1,1,0
170,MC0%AC3.0%JL,2,9,5,"60,72","51,48","84,2",,1,"7,5",4,0,0,0,0,1
171,MC0%AC3.0%JL,3,9,1,"61,81","51,89","83,5","16,3",1,"9,8",3,0,0,0,1,0
172,MC0%AC3.0%JL,3,9,2,"64,86","52,49","89,5",,1,10,3,0,0,1,0,1
173,MC0%AC3.0%JL,3,9,3,"64,2","53,17","92,6",,"1,6","9,5",3,0,0,1,1,0
174,MC0%AC3.0%JL,3,9,4,"63,73","54,78","93,4",,1,"8,4",3,0,0,0,0,0
175,MC0%AC3.0%JL,3,9,5,"65,43","54,4","96,2",,"1,2","10,2",3,0,0,0,1,1
176,MC0%AC3.0%JL,4,9,1,"59,05","49,42","74,4","16,4","1,2","8,3",4,0,0,0,0,0
177,MC0%AC3.0%JL,4,9,2,"70,08","56,49","109,2",,"1,2","11,4",6,0,0,0,0,0
178,MC0%AC3.0%JL,4,9,3,"67,87","54,1","102,3",,"2,4","10,5",5,0,0,0,0,1
179,MC0%AC3.0%JL,4,9,4,"61,34","51,34","86,9",,1,"8,7",4,0,0,1,0,0
180,MC0%AC3.0%JL,4,9,5,"66,84","54,37","100,9",,"1,2","10,6",3,0,0,1,0,0
181,MC20%AC0%JL,1,10,1,"66,31","53,77","98,3","16,4","1,2","10,9",3,0,0,1,1,0
182,MC20%AC0%JL,1,10,2,"64,58","55,11","92,5",,"1,8","10,8",5,0,0,1,1,1
183,MC20%AC0%JL,1,10,3,"60,13","50,01","77,3",,"1,4","9,8",3,0,0,1,1,0
184,MC20%AC0%JL,1,10,4,"64,67","51,93","90,4",,"1,2","9,8",4,0,0,1,1,0
185,MC20%AC0%JL,1,10,5,"64,28","52,05","91,8",,"1,6","8,4",5,0,0,0,0,0
186,MC20%AC0%JL,2,10,1,"59,82","50,61","84,2","16,8",2,8,3,0,0,1,1,1
187,MC20%AC0%JL,2,10,2,"62,28","51,85","86,8",,1,"7,7",2,1,2,1,0,1
188,MC20%AC0%JL,2,10,3,"69,57","54,15","107,2",,1,"11,7",2,0,0,1,1,0
189,MC20%AC0%JL,2,10,4,"58,05","49,71","75,7",,1,"8,6",3,0,0,1,1,0
190,MC20%AC0%JL,2,10,5,"61,18","52,36","85,3",,1,"9,3",5,0,0,1,0,1
191,MC20%AC0%JL,3,10,1,"65,47","52,77",97,"16,4","1,2",12,5,0,0,1,1,1
192,MC20%AC0%JL,3,10,2,"68,2","53,48","98,2",,"1,2","10,5",1,0,0,1,1,1
193,MC20%AC0%JL,3,10,3,"68,43","53,16","102,3",,"1,2","10,5",3,0,0,1,1,0
194,MC20%AC0%JL,3,10,4,"63,47","50,78","85,5",,"1,4","10,6",0,0,0,0,0,0
195,MC20%AC0%JL,3,10,5,"62,21","48,36","82,5",,1,"4,5",3,0,0,1,1,0
196,MC20%AC0%JL,4,10,1,"64,69","51,49","89,3","16,4",1,"9,1",0,0,0,1,1,0
197,MC20%AC0%JL,4,10,2,"63,84","50,8","81,5",,"1,2","9,5",6,0,0,1,1,0
198,MC20%AC0%JL,4,10,3,"63,8","50,49","86,7",,1,"8,4",5,0,0,1,1,0
199,MC20%AC0%JL,4,10,4,"60,3","48,43","74,3",,2,"5,2",5,0,0,0,1,1
200,MC20%AC0%JL,4,10,5,"59,58","48,07","73,5",,1,"8,5",1,0,0,1,1,0
201,MC20%AC1.5%JL,1,11,1,"60,48","46,99","71,9","16,1",1,9,5,0,0,1,0,0
202,MC20%AC1.5%JL,1,11,2,"61,07","50,26",80,,"1,2","8,6",2,0,0,1,0,1
203,MC20%AC1.5%JL,1,11,3,"64,96","55,46","92,9",,1,"6,3",7,1,3,1,0,1
204,MC20%AC1.5%JL,1,11,4,"60,77","49,47",76,,"1,4","7,7",5,0,0,1,0,1
205,MC20%AC1.5%JL,1,11,5,"64,89","50,13","83,2",,"1,2","8,6",4,0,0,1,0,1
206,MC20%AC1.5%JL,2,11,1,"67,95","51,21","102,3","15,9",1,"12,2",5,0,0,1,0,1
207,MC20%AC1.5%JL,2,11,2,"62,16","48,91","75,1",,"1,6","8,7",4,0,0,1,0,1
208,MC20%AC1.5%JL,2,11,3,"68,35","54,39","100,9",,"1,2","11,7",4,0,0,1,0,1
209,MC20%AC1.5%JL,2,11,4,"59,71","47,54","75,1",,"1,2","9,6",4,0,0,1,0,0
210,MC20%AC1.5%JL,2,11,5,"63,1","49,97","84,4",,"1,4","10,1",5,0,0,1,0,1
211,MC20%AC1.5%JL,3,11,1,"59,48","48,01","80,7",16,"1,4","5,6",4,0,0,1,0,1
212,MC20%AC1.5%JL,3,11,2,"56,64","46,65","63,8",,"1,2","8,4",2,0,0,1,0,1
213,MC20%AC1.5%JL,3,11,3,"69,08","53,85","101,5",,"1,8","10,8",3,0,0,1,0,1
214,MC20%AC1.5%JL,3,11,4,"65,12","51,45","85,3",,"1,8","9,8",4,1,5,1,0,1
215,MC20%AC1.5%JL,3,11,5,"65,76","53,41",95,,1,"10,9",3,0,0,1,0,0
216,MC20%AC1.5%JL,4,11,1,"59,11","50,86","72,1","15,8","1,2","8,5",2,0,0,1,0,0
217,MC20%AC1.5%JL,4,11,2,"70,12","49,87","99,6",,"1,4","11,9",2,0,0,1,0,0
218,MC20%AC1.5%JL,4,11,3,"63,6","50,74","79,5",,"1,2","9,1",5,1,4,1,0,1
219,MC20%AC1.5%JL,4,11,4,"68,28","57,96","117,6",,"1,2","8,6",3,3,1,1,0,1
220,MC20%AC1.5%JL,4,11,5,"64,75","53,48","96,6",,"1,2","10,2",6,0,0,1,0,1
221,MC20%AC3.0%JL,1,12,1,"65,26","54,82","94,5","16,4","1,5",11,4,0,0,1,1,0
222,MC20%AC3.0%JL,1,12,2,"65,83","56,58","102,2",,"1,2","9,4",4,0,0,0,1,0
223,MC20%AC3.0%JL,1,12,3,"70,4","58,85","115,1",,1,"3,1",4,0,0,0,1,0
224,MC20%AC3.0%JL,1,12,4,"66,09","52,88","96,4",,"1,2","8,5",4,1,3,0,1,1
225,MC20%AC3.0%JL,1,12,5,"61,78","52,58","86,9",,1,"10,1",3,0,0,0,1,0
226,MC20%AC3.0%JL,2,12,1,"60,65","52,35",82,"16,2",1,"9,7",4,0,0,0,1,0
227,MC20%AC3.0%JL,2,12,2,"66,3","53,1","95,6",,1,"10,2",1,0,0,0,1,1
228,MC20%AC3.0%JL,2,12,3,"68,77","54,03","111,6",,1,"9,6",0,0,0,1,1,0
229,MC20%AC3.0%JL,2,12,4,"69,07","55,58","112,5",,1,12,2,0,0,1,1,0
230,MC20%AC3.0%JL,2,12,5,"61,37","48,94","77,1",,"1,6","9,5",3,0,0,1,1,1
231,MC20%AC3.0%JL,3,12,1,"66,21","51,74","90,6","16,8","1,2","10,4",9,0,0,0,1,1
232,MC20%AC3.0%JL,3,12,2,"58,95","50,06","74,7",,1,"7,5",3,0,0,0,1,1
233,MC20%AC3.0%JL,3,12,3,"60,95","50,5","79,9",,"2,2","8,6",5,0,0,0,1,1
234,MC20%AC3.0%JL,3,12,4,"60,43","50,59","74,7",,"1,4","9,7",6,0,0,0,1,0
235,MC20%AC3.0%JL,3,12,5,"57,09","49,7","71,3",,1,9,4,0,0,1,1,0
236,MC20%AC3.0%JL,4,12,1,"65,22","52,19","97,8","16,4","1,8","9,4",5,0,0,1,1,0
237,MC20%AC3.0%JL,4,12,2,"69,11","54,52","109,6",,"1,6","12,9",2,0,0,1,1,0
238,MC20%AC3.0%JL,4,12,3,"60,69","49,02","74,4",,1,"9,9",6,0,0,1,1,0
239,MC20%AC3.0%JL,4,12,4,"66,26","53,85","98,5",,1,"8,3",5,0,0,1,1,0
240,MC20%AC3.0%JL,4,12,5,"66,23","53,6",96,,"2,2","9,8",1,0,0,1,1,0